operation,n_samples,batch,mean_us,median_us,p95_us,stddev_us,p_proc_w,median_energy_mj
ED25519_KEYGEN,10000,5,359.521632020,356.989600000,366.625000000,18.433360183,0.100000,0.035698960000
ED25519_SIGN_32,10000,20,331.656501080,329.768250000,341.364550000,8.770515328,0.100000,0.032976825000
ED25519_VERIFY_32,10000,20,580.413409435,577.486950000,595.739600000,11.991749062,0.100000,0.057748695000
ED25519_SIGN_64,10000,20,346.169621515,331.390650000,414.544300000,42.826243956,0.100000,0.033139065000
ED25519_VERIFY_64,10000,20,587.774298365,578.130200000,625.200500000,41.812641455,0.100000,0.057813020000
ED25519_SIGN_128,10000,20,332.557590825,332.083300000,333.700500000,3.957775433,0.100000,0.033208330000
ED25519_VERIFY_128,10000,20,585.825239205,584.739600000,587.231800000,6.997661610,0.100000,0.058473960000
ED25519_SIGN_256,10000,20,335.894265335,334.255200000,343.677100000,7.927896647,0.100000,0.033425520000
ED25519_VERIFY_256,10000,20,590.055532660,588.955750000,591.770800000,7.135407767,0.100000,0.058895575000
X25519_KEYGEN,10000,5,347.388180340,346.520800000,350.364600000,6.618993659,0.100000,0.034652080000
X25519_DERIVE,10000,20,512.209836115,511.768200000,514.031250000,3.379754975,0.100000,0.051176820000
HKDF_SHA256_IKM32_OKM32,10000,100,112.960328642,112.819270000,113.290620000,1.024826339,0.100000,0.011281927000
ASCON128_ENC_M16_AD0,10000,100,0.678688845,0.668230000,0.692190000,0.135355388,0.100000,0.000066823000
ASCON128_DEC_M16_AD0,10000,100,0.735041257,0.729690000,0.752080000,0.019520373,0.100000,0.000072969000
ASCON128_ENC_M32_AD0,10000,100,0.879296883,0.873430000,0.895830000,0.019914225,0.100000,0.000087343000
ASCON128_DEC_M32_AD0,10000,100,1.087317675,1.079690000,1.102610000,0.023695718,0.100000,0.000107969000
ASCON128_ENC_M48_AD0,10000,100,1.085158932,1.078130000,1.101040000,0.019610086,0.100000,0.000107813000
ASCON128_DEC_M48_AD0,10000,100,1.364335146,1.355200000,1.380210000,0.026593849,0.100000,0.000135520000
ASCON128_ENC_M64_AD0,10000,100,1.292100774,1.282820000,1.309380000,0.026509054,0.100000,0.000128282000
ASCON128_DEC_M64_AD0,10000,100,1.640782883,1.630210000,1.659370000,0.028218806,0.100000,0.000163021000
ASCON128_ENC_M96_AD0,10000,100,1.714346849,1.700000000,1.736980000,0.185882626,0.100000,0.000170000000
ASCON128_DEC_M96_AD0,10000,100,2.203260152,2.189070000,2.264580000,0.031280334,0.100000,0.000218907000
ASCON128_ENC_M128_AD0,10000,100,2.123390644,2.109380000,2.185420000,0.031060649,0.100000,0.000210938000
ASCON128_DEC_M128_AD0,10000,100,2.756662654,2.757290000,2.828120000,0.032318162,0.100000,0.000275729000
ASCON128_ENC_M160_AD0,10000,100,2.535484434,2.537500000,2.600520000,0.030763512,0.100000,0.000253750000
ASCON128_DEC_M160_AD0,10000,100,3.310034314,3.307290000,3.384380000,0.035284215,0.100000,0.000330729000
ASCON128_ENC_M192_AD0,10000,100,2.947616047,2.947390000,3.021350000,0.031638505,0.100000,0.000294739000
ASCON128_DEC_M192_AD0,10000,100,3.863472622,3.857300000,3.936970000,0.036995531,0.100000,0.000385730000
ASCON128_ENC_M224_AD0,10000,100,3.360561370,3.357290000,3.435410000,0.037988364,0.100000,0.000335729000
ASCON128_DEC_M224_AD0,10000,100,4.416913257,4.407810000,4.489070000,0.037918439,0.100000,0.000440781000
ASCON128_ENC_M256_AD0,10000,100,3.789745946,3.767190000,3.886460000,0.127303712,0.100000,0.000376719000
ASCON128_DEC_M256_AD0,10000,100,4.989535654,4.958330000,5.118750000,0.132323165,0.100000,0.000495833000
ASCON128_ENC_M16_AD16,10000,100,0.995565989,0.979690000,1.011460000,0.091743216,0.100000,0.000097969000
ASCON128_DEC_M16_AD16,10000,100,1.060362404,1.042710000,1.080210000,0.104185664,0.100000,0.000104271000
ASCON128_ENC_M32_AD16,10000,100,1.198608483,1.184890000,1.218230000,0.063472518,0.100000,0.000118489000
ASCON128_DEC_M32_AD16,10000,100,1.406496669,1.393230000,1.424480000,0.058252419,0.100000,0.000139323000
ASCON128_ENC_M48_AD16,10000,100,1.400526439,1.389590000,1.417710000,0.036165172,0.100000,0.000138959000
ASCON128_DEC_M48_AD16,10000,100,1.680506817,1.668230000,1.701040000,0.034716562,0.100000,0.000166823000
ASCON128_ENC_M64_AD16,10000,100,1.606032572,1.594790000,1.623440000,0.028427436,0.100000,0.000159479000
ASCON128_DEC_M64_AD16,10000,100,1.957342840,1.943750000,2.011460000,0.034853474,0.100000,0.000194375000
ASCON128_ENC_M96_AD16,10000,100,2.025789881,2.011460000,2.086980000,0.042147688,0.100000,0.000201146000
ASCON128_DEC_M96_AD16,10000,100,2.520467573,2.521350000,2.583340000,0.047676124,0.100000,0.000252135000
ASCON128_ENC_M128_AD16,10000,100,2.437967828,2.439580000,2.501560000,0.040866249,0.100000,0.000243958000
ASCON128_DEC_M128_AD16,10000,100,3.073920205,3.071360000,3.147920000,0.047396362,0.100000,0.000307136000
ASCON128_ENC_M160_AD16,10000,100,2.850004838,2.849480000,2.925000000,0.038444526,0.100000,0.000284948000
ASCON128_DEC_M160_AD16,10000,100,3.632897829,3.621870000,3.705730000,0.084385879,0.100000,0.000362187000
ASCON128_ENC_M192_AD16,10000,100,3.264561154,3.258860000,3.337500000,0.064714292,0.100000,0.000325886000
ASCON128_DEC_M192_AD16,10000,100,4.184435796,4.171880000,4.255730000,0.075720815,0.100000,0.000417188000
ASCON128_ENC_M224_AD16,10000,100,3.686826906,3.668750000,3.763550000,0.110253561,0.100000,0.000366875000
ASCON128_DEC_M224_AD16,10000,100,4.742970131,4.721880000,4.817190000,0.096714212,0.100000,0.000472188000
ASCON128_ENC_M256_AD16,10000,100,4.102141298,4.078650000,4.182290000,0.132484388,0.100000,0.000407865000
ASCON128_DEC_M256_AD16,10000,100,5.303382571,5.272390000,5.389590000,0.148949545,0.100000,0.000527239000
ASCON128_ENC_M16_AD32,10000,100,1.193602421,1.183860000,1.210420000,0.036336472,0.100000,0.000118386000
ASCON128_DEC_M16_AD32,10000,100,1.257695558,1.247920000,1.274480000,0.037971071,0.100000,0.000124792000
ASCON128_ENC_M32_AD32,10000,100,1.401879709,1.389060000,1.420310000,0.055813707,0.100000,0.000138906000
ASCON128_DEC_M32_AD32,10000,100,1.610655442,1.598440000,1.628650000,0.050999890,0.100000,0.000159844000
ASCON128_ENC_M48_AD32,10000,100,1.611213613,1.593750000,1.654690000,0.080385331,0.100000,0.000159375000
ASCON128_DEC_M48_AD32,10000,100,1.886517388,1.873440000,1.922400000,0.036690300,0.100000,0.000187344000
ASCON128_ENC_M64_AD32,10000,100,1.811339545,1.798960000,1.832810000,0.031812505,0.100000,0.000179896000
ASCON128_DEC_M64_AD32,10000,100,2.164649108,2.148960000,2.224480000,0.050529350,0.100000,0.000214896000
ASCON128_ENC_M96_AD32,10000,100,2.230835191,2.215630000,2.292710000,0.039764809,0.100000,0.000221563000
ASCON128_DEC_M96_AD32,10000,100,2.729012343,2.726560000,2.799480000,0.057559330,0.100000,0.000272656000
ASCON128_ENC_M128_AD32,10000,100,2.649732840,2.643750000,2.720830000,0.086424605,0.100000,0.000264375000
ASCON128_DEC_M128_AD32,10000,100,3.279669991,3.276560000,3.353650000,0.040642006,0.100000,0.000327656000
ASCON128_ENC_M160_AD32,10000,100,3.055109485,3.053640000,3.129690000,0.040116948,0.100000,0.000305364000
ASCON128_DEC_M160_AD32,10000,100,3.834349650,3.826570000,3.907810000,0.043093527,0.100000,0.000382657000
ASCON128_ENC_M192_AD32,10000,100,3.470132015,3.463540000,3.542700000,0.063894001,0.100000,0.000346354000
ASCON128_DEC_M192_AD32,10000,100,4.386393808,4.376570000,4.457810000,0.042835866,0.100000,0.000437657000
ASCON128_ENC_M224_AD32,10000,100,3.879433467,3.872920000,3.952610000,0.038658068,0.100000,0.000387292000
ASCON128_DEC_M224_AD32,10000,100,4.940250561,4.927080000,5.010410000,0.048610535,0.100000,0.000492708000
ASCON128_ENC_M256_AD32,10000,100,4.292052316,4.282810000,4.363020000,0.046413716,0.100000,0.000428281000
ASCON128_DEC_M256_AD32,10000,100,5.493723310,5.477080000,5.566150000,0.052033029,0.100000,0.000547708000
